File name,PV_list_lemmtaized
AL22,"operate at, operate near, spend to, crowd out, depend on, spend during, eat out, cause by, know as, save during, come by, click for, check out'"
AL36,"add up, find out, happen in, return to, involve in, end up, involve in, say in, vote for, agree with, come in, vote for, agitate for, get on, set up, send to, trace to, go from, look at'"
AL184,"pass for, hear of, move on, come to, sit in, remember from, dominate by, begin with, hear of, rule by, get in, rise from, go to, consist of, know as, know to, come to, engage in, trade with, jump on, disintereste in, build under, base on, come to, search for, get in, live in, land at, look for, answer with, sum up, create like, sit in, rely on, add to, base on, end up, know as, know as, figure out, base on, figure out, accord to, split between, unclaimed by, land on, pay for, fail at, return with, discuss in, encounter in, return from, speak for, depend on'"
AL190,"talk about, bear in, remember from, know for, end in, see from, establish in, go from, map out, talk about, shut up, obsess with, settle in, mention about, contribute to, think about, think about, feel about, look like, disagree over, speak to, turn to, go to, land in, greet by, return to, kill by, keep by, come from, reserve for, return to, make as, confuse with, take for, live in, associate with, see as, kill during, figure out, evidence by, pay for, do with, fire at, look like, end up, fit in, set up, show up, fly off, keep in'"
AL147,"look at, look at, think of, go in, get to, think about, start at, count by, get to, count from, get to, start at'"
AL153,"think of, work with, publish under, come along, do like, advocate for, come along, give away, leave of, education beyond, go around, go on, publish in, look at, build up, lie down, read through, license to, involve in, come from, come into, move through, go with, end up, think in, move from, strike by, use for, find out, think of, think of, start with, go to, listen to, come across, involve in, interact with, play in, learn for, come by, come by, go through, come by, talk about, go on, connect to, sit with, sit with, feed off, refer to, end up, end up, look at, keep for, look at, take for, function with, involve with, send to, involve in, look at, throw off, end up, turn to, shape by, preface on, engage with'"
AL231,"have as, come with, change in, find out, open up, open up, go to, go to, go to, find out, relate to, log out, keep in, do in, go through'"
AL225,"turn into, look at, surround by, start with, go down, see in, log out, find out, look like, look like, see for, log out, get at, use for, pass in, go through'"
AL219,"measure in, grow by, grow by, go on, grow in, grow in, say on, divide by, think about, talk about, base on, grow by, grow by, grow by, get to, go by, grow by, multiply by, figure out, clear out, round to'"
AL218,"find in, think about, divide by, find in, work out, divide by, cancel out, leave with, figure out'"
AL224,"measure in, happen after, look like, raise to'"
AL230,"agree with, start with, start off, attach to, look for, look for, controlshifti on, log out'"
AL152,"""work on, focus on, deal with, care about, come down, think about, happen in, seem like, leave like, knock down, feel like, involve in, go to, cost to, pronounce in, think about, do with, learn by, learn by, learn in, learn by, come in, learn by, learn in, interact with, associate with, look like, get to, work with, come along, end up, set up, hinge around, involve with, involve as, work as, work with, sit down, affiliate with, come out, focus on, talk about, have in, get into, have between, look at, come down, look across, participate in, think at, pull on, happen on, develop with, lead into, go on, apply to, apply to, happen in, arrive at, start within, know about, go in, apply in, come out, start with, set up, go on, know that'sopen, go on, focus on"""
AL146,"have than, look at, have than, have than, look at, start at, start at, get to, go from, have than'"
AL191,"implant into, focus on, concern with, get through, start with, recall from, live in, go into, turn out, shut up, live under, live by, back down, lead to, dump about, go to, lead to, focus on, go to, set up, start in, edit out, do by, evidence by, function as, reach out, fight with, fight until, depend on, give up, throw off, look at, contain in, inform by, focus on, look at, fight against, think about, come out, link to, come up, live up, become on'"
AL185,"talk about, know about, usher in, coincide with, idealize as, look at, look at, open up, concern with, add to, know as, stick with, associate with, focus on, come to, go to, prime for, specialize in, turn out, remember from, remember from, figure out, trade with, trade with, pay for, put on, pose for, pay for, lead to, talk about, weave in, dye with, find in, write to, wre from, accrue to, flee for, thank for, search for, come on, find in, happen in, start with, live amid, turn off, climb on, live in, base on, go down, filter down, experience by, live on, govern by, matter to, care about, introduce to, talk about, talk about, bear in, occur over'"
AL37,"welcome to, look at, come out, mean to, mean for, change over'"
AL23,"see in, define as, look for, give up, look for, make for, hold up, look for, look at, look at, look for, look in, compare with, move on, go to'"
AL35,"write in, aim at, focus on, come out, succeed in, fight in, control by, see as, talk about, look at, advocate by, begin in, accord to, accord to, cause by, pull up, differ in, lay out, bear in'"
AL21,"make by, count as, convert into, write in, define as, hold by, hear of, move from, define as, see in, learn about, click for, check out'"
AL193,"begin in, come from, load with, mine from, give up, settle on, recall from, make up, stagger to, divide into, stay in, come to, serve in, work as, make up, break out, complain about, hold by, complain about, work for, hear from, work for, work at, start in, identify with, lobby for, play out, urge toward, grow in, thrill about, lead to, break out, break out, learn of, pay for, come into, give up, win after, rule by, go to, point out, apply to, command by, show up, ship to, die in, interfere with, work for, seem like, infer with, care about, go to, give up, call by, quote from, govern by, mar by, die in, stand up, stand up, read about'"
AL187,"talk about, refer to, involve in, move from, die during, look like, sell like, come from, change over, go to, import to, begin after, remember as, work as, grow by, grow up, live in, trade for, capture by, trade to, own by, get to, get inside, know about, testify before, sell in, do with, dominate by, work as, work as, work without, crush in, sound like, import from, make up, end in, work in, look like, write for, start with, accord to, remove from, suck about, talk about, look at, go to, trade from, make up, venture into, play in, pass down, serve as, lead to, distinguish from, hold by, live on, inherit from, come before, grapple with, think of'"
AL150,"happen without, turn into, go on, bounce into, come up, think about, look like, move around, turn to, happen in, collide in, get to, look at, come along, think of, go from, enter into, go from, go from, go to, get to, hit in, go to, go through, start off, figure out, do with, get to, get to, collide with, write as, go from, hear of, operate in, consume in, bump into, get to, interact with, slow down, bump into, get over, bump into, bumping into, talk about, bump into, bump into, get over, bump into, get into, go to, think about, talk about, interact with, go into, go up, think about, think about, think about, lead to, think of, think of, interact with, interact with, think about, think about, think about'"
AL144,"think about, look at, go to, go to, look at, think of, have in, look at, look at, base on, look at, look at, look at'"
AL178,"talk about, talk about, root for, root against, idealize by, start by, drive by, bring on, start in, live among, move into, kick at, begin with, figure out, learn from, call on, saideth until, rid of, war on, thow out, shape like, come at, adventure in, stay in, gain in, go to, think about, lead to, come up, take up, head for, cry out, volunteer for, get off, encounter along, arrive in, hide under, succeed in, step up, get in, move onto, know to, expand by, call for, call off, hang around, continue through, focus on, go to, volunteer for, know from, go by, come up, pay for, result in, fight on, come up, dethrone by, stick in, turn out, conquer by, open up, take up, believe in, conceive of, mean to'"
AL8,"know as, produce within, think about, fill with, ring up, ring up, ring up, sell to, ring up, add to, produce within, add to, add to, produce within, import from, add to, produce in, export to, add to, produce within, sell in, count in, produce in, add up, come up, count in, include in, use as, move on, go to'"
AL226,"pass in, start off, pass in, float off, float off, show up, pass in, float off, know as, pass in, float off, float off, leave in, append to, clear out, append to, do behind'"
AL232,"start by, iterate through, put inside, look like, specify with, point at, figure out, do with, go to, catch on, go to, do up, do with, look for, paste in, look like, iterate through, use to, stick around'"
AL233,"start with, see on, ship with, come with'"
AL227,"look like, select by, attribute with, notice down, do by, look like'"
AL9,"correlate with, care about, start with, set from, measure by, live on, live in, distribute than, get to, think of, move on, go to'"
AL179,"talk about, talk about, shut up, appear on, fold in, fit in, turn to, write by, preserve via, think of, write as, live in, apply over, memorize by, listen to, go to, bring with, give away, recover from, travel through, return to, rule by, live in, rule by, talk about, find out, bring up, look like, convert to, start with, rule until, run from, trade with, seem like, go to, spread along, benefit from, see in, take off, replace by, return from, bring back, visit by, fascinate by, go into, go from, treat like, engage in, fall to, overthrow for, live in, go of, come on, shut up, move to, bring with, live in, wait for, influence by, start by, arrive in, go on, adopt by, start out, look at, rely on, fall into, look at'"
AL145,dd'
AL151,"look at, involve in, hear about, grow with, work on, sit in, start down, figure out, give away, seem like, come to, give away, get into, start with, come by, do in, pronounce as, connect to, go through, come across, call in, work on, engage with, think for'"
AL186,"talk about, talk about, think about, shut up, die as, see as, kill by, expose to, touch off, lead to, win by, kill by, happen to, lose to, die of, fight for, show up, spread by, return from, go on, pale in, work by, arrive in, come from, walk up, smoke until, hand out, smoke during, die from, die from, catch on, go to, turn into, arrive in, learn about, come to, engage in, combine with, exist before, bring over, live without, live without, live without, lead to, stagger to, double between, grow in, introduce to, turn out, show up, know as, know as, grow in, go to, live in, lead to, lead to, come to, lead to, make of, lead to, allow for, bring with, kill off, agree with, live for'"
AL192,"talk about, see as, call for, coincide with, evidence by, live in, dither about, have to, make up, show up, give up, respond by, respond by, come on, abolish in, lay out, apply to, tack on, apply to, go to, look like, hang on, know as, call for, fire on, reign in, look like, note by, stand around, make out, shore up, look like, die via, think of, celebrate for, suck at, lead by, guillotine in, put into, end up, get into, talk about, establish on, come from, succeed in, result in, live in, look at, come from, apply to, sort through'"
AL20,"rise above, plummet by, cause by, start in, grow by, cause by, worry about, run to, lead to, hold off, drop by, plunge by, fall by, increase by, cut back, fall in, contribute to, intertwine with, add to, dry up, pick up, enact in, retaliate with, throw in, fill with, click for, check out'"
AL34,"percolate out, blame for, see as, work for, gain from, pass by, publish in, go on, talk about, manipulate by, look at, look at, pale before, talk about, come to, go around, go outside, accord to, set up, argue in, struggle between, look at, accord to, manipulate by, show in, set out, deal with'"
AL18,"worry about, stay in, be to, scare away, increase at, get out, rise at, rise at, have in, rid of, rise by, increase at, occur in, cause by, test in, cause by, click for, check out'"
AL30,"talk on, go on, start by, talk about, commit in, emerge as, get on, side with, have of, think about, think about, get into, talk about, talk about, pop up, know about, learn about, bring to, kill in, say in, look at, grow up, pop up, talk about, know as, go to, accord to, accord to'"
AL24,"cause by, look for, hear on, happen behind, eat at, pay for, turn to, move on, go to'"
AL196,"talk about, star in, work out, go to, know for, characterize by, focus on, look at, take off, resell at, take by, rely on, invest in, crank out, focus on, go behind, think about, think about, think about, go with, go to, advocate for, make for, invest in, result from, encourage by, come from, use at, bring down, make up, lead to, work in, work in, drop to, hold in, root in, pay for, control by, participate in, apply to, popularize in, talk about, talk about, know about, live in, live in, associate with, respond to, organize into, point out, point out, begin in, turn to, go beyond, throw off, get up, shave for, know as, talk about, take up, advocate for, set out, write in, invest in, read from, win out, fall over, think of'"
AL182,"talk about, talk about, return to, seem like, shut up, lead to, make up, walk around, build for, rely on, go to, head to, fall to, mean like, make of, consort with, poope on, root from, accord to, bury in, go to, disgust by, trade with, make out, know for, come from, add to, sound like, answer to, mean at, live in, live in, last from, found by, mean like, rule from, rule from, judge from, control about, remember from, send out, rule over, deal with, shut up, do in, get into, link to, start out, happen in, bring up, break down, return to, speak of, carry of, listen up, equip by, exist for, look for, turn out'"
AL169,"learn about, start with, wait for, know about, come from, write about, hold on, found in, rule with, know as, live in, know about, come from, identify with, talk about, come from, have in, ask about, ask about, devoted to, gall to, begin by, see as, think about, exemplify by, think about, live in, consist of, limit to, range from, live in, rebel in, emerge as, make up, happen during, settle into, sound out, look to, hinder by, create in, buy into, rhyme with, stand for, come from, evidence by, go to, sail to, submit to, point out, fight with, see as, participate in, set off, win with, look at, engage in, end up, beat by, return to, worry about, seek from, talk about'"
AL155,"teach as, go through, happen in, cut off, involve in, make with, seem like, involve in, come up, uta at, pay for, pay for, come in, write up, pay as, pay for, pay for, think about, pay for, pay for, buy back, come into, talk about, get around, influence for, publish in, share in, work with, count as, accept in, turn in, seem to, think about, think about, change as, retire out, come in, look at, think about, think about, explain to, do with, publish in, publish in, publish in, buy in, take in, act of, oppose to, tease out, look at, cite in, publish in, publish in, work with, publish in'"
AL141,"divide into, divide into, divide into, divide into, divide into, divide into, look like, look like, divide into, click on, divide into, divide into, divide into, divide into, divide into, divide into, divide to, divide into, divide into, divide into, divide into, divide into, divide into, divide into, divide into, divide into, divide into, look like, divide into, divide into, divide into, divide into'"
AL223,"measure in, measure in, start at, start at, start at, look at, start at, start at, start at, think about, seem like, start out, end up, describe in'"
AL237,"enter into, get in, enter into, take off, say in, get into, take off, land on, take back, want from, get within, go into, take off, end up, damage in, occur in, go onto, look at, knock out, take by, go into'"
AL236,"make up, put inside, happen on, use in, write out, bring up, take up, replace with, go into, go at'"
AL222,"figure out, know on, figure out, square per, cancel out, square over, show up, look at, cancel out, divide by, divide by, leave with'"
AL140,"go to, line up, look like, meet on, look like, look like'"
AL154,"talk about, involve in, transpire in, talk about, intend to, vary in, walk out, cut down, belong to, think about, think about, think about, create with, look like, cite as, move in, die in, affix to, move into, attach in, expire on, eldre versus, go to, use by, know within, think about, participate in, translate into, localize for, collaborate around, engage in, deal like, grow in, move from, opt out, sit in, copyright from, fix in, move to, share with, go out, express to, use in, use from, get into, happen in, fix in, teach in, teach in, set up, talk about, run up, do as, do with, engage in'"
AL168,"talk about, stare at, think of, think of, stand among, last from, talk about, mean for, go out, go to, leave behind, walk on, culminate in, bury with, see as, live along, last from, last from, seem like, act like, act like, act like, build between, build for, build for, work for, lead to, start with, start out, reign over, say about, fight over, follow by, merge with, relaxed like, disimilate into, sound like, emerge from, take over, focus on, remember from, jump off, replace by, rob by, rob by, find out, leave for, psyche about, die before, discover in, die of, work out, build around, die in, look at'"
AL183,"talk about, talk about, talk about, talk about, migrate from, come down, found in, develop from, fight with, end with, venture into, derive from, verbose than, rely on, fall into, bond to, farm for, step on, end up, accord to, fall in, show up, know as, vie for, reemerge in, look at, go to, set up, set up, bring about, live in, do in, send from, know as, translate to, wellpositione for, go to, weaken in, look like, see in, culminate with, see as, track down, turn out, know as, negotiate for, know as, rule from, trust with, work with, sound like, depend on, point out, point to, set out, return to, hunt down, echo through, see by, think of, direct by, write by, guess at, relate to, answer by, say in'"
AL197,"talk about, know about, associate with, associate with, see in, see in, found in, run up, get to, launch into, live in, live in, focus on, construct by, see as, rise from, think of, clamor for, talk about, focus on, come to, know as, go to, hear of, think of, accord to, build up, arrive in, sign after, do with, go to, think about, result in, happen in, lead to, give up, lead to, incorporate into, begin in, serve in, introduce in, fund by, destroy by, look like, exist for, exist for, discover as, benefit from, benefit from, live in, inspire by, thrive on'"
AL25,"hover around, look at, compare to, shoot up, adjust to, respond to, fire at, fire due, change by, seem like, look at, increase with, differ from, earn in, get at, longerlaste in, move towards, riot in, trigger by, go out, fire at, take over, shut down, join by, back down, freeze out, end up, deal with, turn to, move on, go to'"
AL31,"overturn of, begin with, call at, appear on, name for, associate with, originate in, publish as, accord to, carry out, lead by, call in, motivate by, depend on, speak of, manipulate by, accord to, look at, go with, publish in, wage by, put to, count as'"
AL19,"think about, take in, start with, end up, represent with, use in, label with, think about, sell in, think about, have in, buy by, return to, turn to, click for, check out'"
AL27,"look at, look at, define as, divide by, look for, increase to, fall to, vary over, add to, influence by, decrease from, decline as, hire in, drop out, benefit from, work than, drop out, retire in, account for, return to, bake in, turn to, move on, go to'"
AL33,"come to, do with, complain about, say to, feel after, do to, percolate out, write in, send to, talk about, found in, show to, resonate out, resist outside, look at, start from, focus on, go on, go on, talk about'"
AL181,"talk about, talk about, focus on, make out, focus on, make out, talk about, pay for, say with, blow up, wait for, go to, live in, trade for, live in, take off, hear about, think of, think of, count on, sail between, sail between, arrive on, participate in, set up, act as, dominate by, point out, dominate by, set by, find out, kidnap by, strap onto, trade for, ship in, come from, ship from, come from, navigate by, spread throughout, tack against, travel in, live in, learn about, spread to, trade with, act as, go through, happen to, rise up, go through, see in, decline in, bring up, trough in'"
AL195,"talk about, occur around, result in, change about, dispose of, live on, rise above, engage in, make out, bring about, characterize by, connect to, begin around, occur across, start in, go to, look for, lead to, come along, fly in, build by, clear out, lead to, name after, create in, power by, culminate in, figure out, happen in, turn out, formulate as, come from, come from, run on, speak to, turn out, apply to, go to, look at, come to, look for, run on, combine with, look to, chalk up, support at, couple with, import from, invest in, compete with, talk about'"
AL142,"fit into, sit on, look at, go on'"
AL156,"set up, do in, get into, solicit in, set up, hear of, go to, engage in, talk about, engage in, engage in, listen to, look at, list on, look at, hint at, talk about, depend on, make with, paste into, hand out, play with, submit in, hide in, protect by, operate on, translate into, turn out, engage in, engage in, come to, hold to, speak around, use by, police of, do by, happen with, find out, seem like, look at, give out, take toward, comply with, go out, go on, go to, do via, share with, share with, tarnish by, talk abouthow, engage with, set up, go to, listen to, add to, go to, go on, have for, consume with, align for, consume with, come to, pay for, ask for, pay for, look at, agree with, go out, look at, look at, look in, volunteer with'"
AL208,"poll between, base on, look at, look at, get to, get to, think about, think about, look at, look like, go up, go up, go up, go up, look like, look at, look like, look at, look at, go from, leave to, look at, rule out, mix up, get to'"
AL234,"end up, clutter up, start up, use to, refer to, support in, work in, know about, work in, think about, depend on'"
AL220,"fit on, look at, base on, look at, bear on, bear on, talk about, bear between, bear between, bear in, bear in, bear in, talk about, talk about, compare from, talk about, bear in, bear in, go off, be in, look at, bear in, bear in, bear in, look like, look at, bear in, see in, bear in, bear in, bear in, look at, look at, bear between, look like, look like, bear in, bear in, bear in, talk about, talk about, look at, bear in, bear in, bear in, change for'"
AL221,"connect to, keep in, think about, visualize in, know of, rule out, figure out, multiply by, have per, fit in, multiply by, work out, divide by, base on, look at, convert to, think in, look like, come from'"
AL235,"stand for, change about, attach to, go through, look for, find by, watch for, talk about, do in, talk about, move on, respond to, do with'"
AL209,"base on, move in, take about, look at, move up, base on, increase at, go up, go up, go up, move up'"
AL157,"see as, think about, set of, engage in, mean in, get into, retain in, engage in, come at, do for, have with, happen with, pay for, top out, pay over, happen in, make for, suffer through, make to, arise with, participate in, come from, remove from, wipe from, look like, engage in, engage in, come around, do with, look at, depend on, create in, pass through, pay for, cut off, pile up, pile up, pile up, pay for, root in, belong to, distribute in, do with, tinker with, come from, study out, backspace over, write in, engage in, talk about'"
AL143,"go from, line up, look like, line up, figure out, cut out, cut off, cut off, cut off, cut off, cut off, cut off, figure out, figure out, cut off, start with, cut off, leave with, start with, end up, end up'"
AL194,"talk about, see in, turn out, characterize by, toll out, go to, get up, bear in, look at, evidence by, begin with, define by, take over, decamp to, turn out, defeat at, stay in, return to, come on, lobby for, hold onto, mess with, go to, lead by, support by, aim at, complicate by, lead by, lead by, last until, hold onto, push for, return to, work out, overthrow by, come to, appeal to, have in, bear in, go without, give up, fight against, hold on, hold on, attack by, name after, get out, look for, turn out, take up, vote in, die in, lead to, lead to, fight for, lead to'"
AL180,"wait for, do in, renowne for, talk about, go on, accord to, live near, think of, go to, come out, hang out, start with, go to, bear around, poison to, kill during, base on, show up, vote with, go on, stretch from, fall to, â€™ in, suck at, BIRTHDAY to, live on, leave with, happen to, build on, compare to, hole up, terrify of, return to, exist for, fall into, walk from, believe in, tie to, think of, prosper throughout, bathe in, clasp to, blend in, take up, open up, open up, infect with, accord to, trade with, think about, end up'"
AL32,"consider by, translate to, surround by, remember from, come in, accord to, go to, come in, scrape to, go to, go to, walk down, go to, see at, go in, go to, take off, begin in, emerge out, accord to, accord to, stop in, assume throughout'"
AL26,"look at, correlate with, increase during, accompany by, lie off, correlate with, debate by, return to, spike in, grow at, return to, return to, think about, supply than, demand at, happen in, supply of, behave in, supply of, cause by, retaliate by, adjust to, return to, search for, define as, care about, tie to, move on, go to'"
AL41,"go through, follow by, dispel by, turn to, have toward, search for, do on, begin in, impose by, begin with, come into, settle on, restore to, till by, take over, go to, work for, give up, take up, give up, have in, return to, greet by, send to, carry out, make to, get by, work for, leave in, point out, reveal about, go on, come down, go on, work for, continue over, go on, side with'"
AL55,"go to, default on, come to, incur in, go on, deal with, vote at, talk about, vote to, go to, introduce into, come in, go to'"
AL69,"look at, base on, insert in, approve by, challenge on, get into, go into, want in, deprive of, apply to, come into, consider in, come from, oppose to, take into, single out, look at, single out, oppose to, look at, hold in, rid of, happen in, fall out, varied from, appoint by, appoint by, punish by'"
AL82,"talk about, lay out, focus on, take on, start with, build up, move on, think about, land on, expand out, build up'"
AL96,"talk about, borrow into, come from, borrow into, depend on, talk to, talk about, talk about, drive along, go through, go over, encounter in, find in, care for, singular on, come in, come to'"
AL124,"provide under, talk about, begin by, focus on, happen on, seem like, explain to, say in, go on, figure out, look in, look at, look at, look at, think to, look at, come out, look at, look at, go off, do with, protect by, protect from, talk about'"
AL130,"depend on, depend on, define by, lead to, lead to, enter from, bind to, disengage at, attach to, load with, depend on, depend on, depend on, occupy in, base on, define as, change with, depend on, apply for, fluxcouple due, see as, go out, depend on, depend on, learn about, set up, look at, worry about, go within'"
AL118,"welcome back, explain to, grow by, go to, suggest from, explain to, end up, consist of, need for, need for, need as, need for, need in, act as, synthesize by, supply from, serve as, base on, leave with, make up, represent in, look like, go into, write down, write out, calculate from, make from, generate in, convert to, secrete outside, indicate in, note of, serve as, serve as, base on, act as'"
AL291,"ask for, oppose to, ask for, use for, work in, depend on, come after, say in, look for'"
AL285,"encode into, play out, extend throughout, talk about, apply to, walk into, shoot out, refer to, go out, refer to, talk about, look at, look at, match up, match up, oppose to, sound like, talk about, talk about, mean about, link up, match up, figure out'"
AL252,"turn in, happen in, begin with, end with, reduce to, look up, blow to, go on, look up, go into, go into, come from, meet up, go to, go to, go into, surrender to, slog through, happen in, happen in, happen in, happen in, defeat in, go on, look at, happen in'"
AL246,"break through, go into, go on, meet at, happen to, happen to, split up, have in, happen in, write about, see in, come to, get into, go into, win in, know as, win in, go on, go down, go into, take of, die in, get into, go into, do with, go into, kill at, continue on, learn about, learn about, drop on, involve in, end at, end in'"
AL247,"see in, start in, see in, think about, happen in, talk about, apply to, push into, define by, talk about, happen in, go into, send to, take over, invade by, go into, start in, go into, take over, go into, fight in, battle out, take on, push up, get into, go into, happen in, do in, do in, take over, take over, knock out, want in, happen across, go on, knock out, go on, go on, overrun by, go for, go for, access to, go for, go on, go on, enter into'"
AL253,"accord to, look at, leave with, add to, start by, leave with, do with, base on, lead to, base on, lead to, lead to, lead to, lead to, work out, base on, arrive at, base on, divide by, adopt as'"
AL284,"distinguish between, fall into, talk about, fall into, start out, forget about, match up, say in, start off, talk about, stick with, start out, talk about, stick with, pop with, start off, talk about, stay in, think about, start in, cross over'"
AL290,"figure out, think about, talk about, think about, talk about, think about, talk about, aim for, talk about, talk about, talk about, talk about, talk about, say for, indicate by, talk about'"
AL119,"work at, come in, ask for, measure by, look at, earn at, relate to, consume per, produce per, look like, grow on, make by, operate in, return to, state of, explain to, measure by, enter of, pile up, increase in, represent by, have at, come to, come to, set up, define by, set up, do for, go into, break down, go into, act on, act on, set up, come from'"
AL131,"couple to, oxidize with, set up, take up, discuss in, work with, pump out, take up, use for, produce per, engage in, occur in, take up, distribute over, occur with, lead to, lead to, maintenance with, show in, multiply by, couple to, work under, go into, show in, come to, qs over, look at, depend on, use for, compose of, indicate in, multiply by, multiply by, come to, go into, use with, lead to, express by, reflect in, use for, propose to, focus on'"
AL125,"give to, do at, talk about, show to, talk about, supply from, consume per, look at, come to, come to, start with, end with, divide by, come to, build in, come to, come to, come to, define by, divide by, multiply by, come in, come out, multiply by, come from, multiply by, come to, come to'"
AL97,"talk to, go like, become in, work with, come from, get to, look at, come from, sound at, sound like, find in, exist in, deal with, turn into, turn into, turn into, drop out, replace in, drop off, leave with, go from, go over, look like, go over, jake out'"
AL83,"passionate about, talk about, grow up, grow up, rely on, get up, get to, rigor to, grow up, create by, create by, rigor in'"
AL68,"welcome to, look at, look at, comply with, come into, look at, do on, set up, look at, deal with, look at, pioneer in, look at, exist in, do through, get to, go on'"
AL54,"develop between, put into, put into, repeal by, float around, go in, exconfederate out, hammer out, start out, have into, put in, interpret by, debate in, talk about, listen up, use for, buy into, talk about, base on, come out, exalt above, come out, come out'"
AL40,"move into, shape by, earn on, reinforce by, assert for, deny to, serve in, live in, talk about, set up, find out, accord to, talk about, talk about, live in, go out, work in, work outside, work outside, apply to, work in, talk about, work in, deal with, point out, reserve for, flare up, imbue with'"
AL56,"look at, naturalize in, go to, base on, bear in, bear in, depend on, work out, come to, do with, talk about, go to, abide by, apply to, approve of, go in, interfere with, rely on, regulate by, get to, come from, go on, come from, live among, live among, patch up, dream of'"
AL42,"relate to, talk about, farm on, work for, work for, go on, work for, talk about, talk about, work for, get out, work for, work for, sit on, say to, begin with, go on, go to, apply to, mean by, work as, bury in, go on, work for, work on'"
AL95,"welcome to, explain by, turn into, turn into, worry about'"
AL81,"go to, think out, think of, end up, come up, brainstorm in, lie in, talk to, find out, think of, walk in, advocate for, walk in, narrow down, see on, go out, see for, lie with'"
AL319,"guide for, say about, stick with, depend on, write for, abide by'"
AL133,"qvalue from, produce from, indicate by, accord to, follow from, calculate from, ai in, find by, set up, multiply with, multiply by, multiply by, lead to, run at, run at, run at, indicate on, occur at, accord to, consume for, lead to, use for, reflect on, consume for, see in, use for, use for, obtain by, consist of, calculate from, calculate from'"
AL127,"calculate as, think about, determine in, think about, produce in, multiply by, multiply by, multiply by, analyze at, do in, give of'"
AL286,"talk about, say on, fall into, think of, use as, object in, say to, refer to, refer to, refer to, distinguish between, refer to, treat as, refer to, refer to, refer to, get to, look at, crouch behind, see in, refer to, refer to, use as, treat as'"
AL292,"talk about, come from, slap on, think of, see like, put on, ly on, add ly, tack on, put on'"
AL245,"leave off, enter into, accelerate in, happen in, get to, fall to, embroil in, last over, think about, fall to, fall to, fall to, control by, prepare for, fall to, fall to, go after, refer to, apologize for, talk about, see in'"
AL251,"talk about, happen at, dictate by, lead by, come to, look like, learn about, talk about, fight in, pay for, come out, break up, depend on, base on, support by, put out, pay for, lead to, start of, refer to, talk to, do with, see in, strip of, carve out, carve out, cut out, capture in, form in, give over, lead to, get out, set up, oppose to, go into, split up, set up, forbid from, merge with, take out, shortlive before'"
AL279,"talk about, talk about, look like, contrast with, talk about, talk to, look like, do to, oppose to, trip up, talk to, talk about, talk to, talk to, talk to, think about, end up'"
AL278,"get down, talk about, behave like, behave like, behave like, behave like, behave like, behave like, behave like, point out, mean by, behave like, talk about, work as, act like, say to, establish in, talk about, talk about, talk of, act like, behave like'"
AL250,"talk about, end in, ramp up, turn to, flock to, acknowledge as, acknowledge as, think of, go on, gobble up, talk about, compete with, take over, compete with, go throughout, fight for, come in, look at, get in, go through, falter with, get to, take on, enter into, talk about'"
AL244,"go into, talk about, back up, talk about, forbid from, accord to, talk about, estimate at, pay in, pay in, pay in, pay in, pay in, draft in, convert into, happen in, go into, end up, grow by, talk about, accord to, take over, talk about, carve out, carve out, go to, go to, go to, go to, set up, forbid from, go out, forbid from, trade in, point to'"
AL293,"know about, pick up, grow up, go like, make up, sound like, sit down, scompe on, agree with, look at, disagree about, talk about, look at, fit into, scoot down, look up, go to, arrive at, work in'"
AL287,storm off'
AL126,"base on, do on, look at, come from, come from, come to, divide by, multiply by, calculate as, find for, find at, divide by, calculate for, multiply by, multiply by, have for, multiply by, multiply by, fill in, multiply by'"
AL132,"lead to, focus on, indicate in, obtain from, look at, enter into, do in, have in, fill in, fill in, solve for, do at, propagate in, indicate in, lead to, need at'"
AL318,"talk about, come from, put on, do with, go to, go to, clarify by, go to, go to, set off, relate to'"
AL80,"talk about, have about, think about, think in, look through, perpetuate by, figure out, go to, drop out, drop out, happen by, come from, work with, do at, go to, go to, bet on, think of, bring down, work with, moderate with, lead by, make up, go on, get to, move into, go up, belong to, execute against, think of, work with, think about'"
AL94,"talk to, get into, think by, dig into, come from, come to, come to, refer to, get through, talk about, look at, pick up, talk about, pick up, tell by, pick up, look at, manifest in, get from'"
AL43,"relate to, arise between, produce by, forget about, develop in, start with, bring in, till by, decline after, decline in, go to, own by, take over, work on, cultivate at, enact in, go to, work for, convict of, auction off, work for, auction off, work for, embody in, obligate by, work for'"
AL57,"outrage by, fight for, benefit from, galvanize by, come from, talk about, ally with, apply to, get out, go to, knock at, knock at, speak at, sit to, ally with, drive out, move to, spur by'"
AL53,"look at, create for, look at, live with'"
AL47,"come about, manipulate by, see in, come into, ally with, prove to, talk about, go on, suggest to, look at, talk to, exclude from, base on, execute for, determine by, say about, say about, determine by, set up, comport with, deal with, deal with, think in, rid of, count as, determine by, go to, deal with, think about, come to, determine by, set up, act like'"
AL308,"talk about, look like, come from, mean with, go through, start off, set up, choose between, set up, learn about, talk about, set up, happen as, set up, set up, offer up, check out'"
AL90,"talk about, turn out, talk about, talk about, come from, oppose to, leafs for, talk about, end in'"
AL84,"go to, start with, start about, interact with, imagine before, come up, align with, list at, involve with, apologize for, put on, focus on, do in, go down, achieve from, get from, look like, talk about, see through'"
AL320,"talk about, float in, stand in, stand in, look like, look like, take out, talk about, belong to, go on, belong to, do in, use for, belong to, belong to, look like, belong to'"
AL136,"welcome to, look into, look into, look into, route in, express with, express in, represent as, take up, lump into, convert to, focus on, look into, leave over, look into, lead to, knock out, reflect on, take in, perform by, look into, translate into, show on, rely on, v2 in, choose for, need for, represent by, separate from, perform by, multiply by, multiply by, place on, work for, assume for, solve by, lead to, do by, consist of, do at, dive into, obtain from, provide from'"
AL122,"add at, control by, happen to, look at, want to, think about, think about, increase in, go down, think in, go down, set up, balance for, lead to, multiply by, suggest by, set up, think about, do by, Nx for, come from, accord to, set up, combine in, eliminate from, fill in, calculate qs, look at'"
AL283,"talk to, start off, act on, do to, do to, sub out, figure out, depend on, refer to, speak of, do to, oppose to, look like, go from, come to'"
AL297,"talk about, figure out, look at, figure out, figure out, grow up, use in, grow up, grow up, grow up, figure out, happen in, know as, ask about, ask about'"
AL268,"apply to, think of, return to, think of, drive by, put into, build off, see in, consist of, play in, think of, use for, type on, speed over, limit by, receive at, smooth out, bleed into, run into, define as, persist for'"
AL240,"enter into, remember from, continue throughout, talk about, look at, think about, lead to, talk about, trade with, talk about, talk about, go to, stand for, leave on, embark on, exist between, give by, sail in, jump in, Rams into, go down, take down, go down, die on, lead to, concerned on, lead to, break out, break out, enter into, trade with, talk about, happen in, complie on, give as, happen in, happen in, run up, run on, enter on, loosen up, get into, go to, happen with, break out, write to, stay out, write to, look for, prohibit from, point in, say in, rid of, make out, tide to'"
AL254,"think of, think of, form by, return to, reserve for, practice by, know as, fall into, travel into, emerge at, leave from, slice into, act as, focus on, coincide with, write into, know as, write in, date to, base on, shrink down, escape from, accompany by, know as, write at, use for, be over, divide into, discover in, adapt by, fit to, move towards, spread to, date to, find in, sound out, arrive at, emerge along, use by, base on, borrow from, begin with, stand for, know of, stand for, know of, look for'"
AL255,"regard as, rub against, play with, pull from, transfer onto, create by, reserve for, set out, create by, pull on, increase due, demonstrate by, bring near, pull through, set up, occur at, move at, extend between, work with, popularize by, base on, pull on, result in, trap in, discharge at, focus on, find out, store up, travel through, run at, trap in, think of, store in, focus on, store in, ignore by'"
AL241,"enter into, go into, enter into, go on, knock out, go after, go after, go into, talk about, name after, land in, divert to, kill in, kill in, happen at, go into, happen in, knock out, end up, go on, go on, see in'"
AL269,"connect to, form around, form around, pull from, occur on, turn out, think of, compare to, observe with, interpose between, result in, lead of, bring into, base on, place at, change after, connect to, jump without, follow by, figure out, point along, travel around, point through, suspend in, apply to, push through, balance on, know as, apply at, think about, come up, wait for'"
AL296,"talk about, look at, figure out, turn out, look in, look in, end in, look like, look like, end in, end in, get into, end in, mean like, end in, cover in, know about, crosse out, end in, behave like, end in'"
AL282,"talk about, oppose to, cause in, imagine in, take over, go in, expand from, puzzle over, talk to, talk to, talk to, precede by, talk to, use for, talk to, talk to, take over, move into'"
AL123,"see from, go over, think about, look at, calculate from, set up, set up, start with, look like, draw on, set up, indicate in, set up, relate to, set up, solve than, look at, show on, consist of, go on, apply for, apply for, think about, apply to, have per, go out, put in, depend on, relate to, accord to, find in, transfer from, happen with, look at, transfer from, write down, write down, write down, multiply with, think about, happen with, degrade in, hope by, find out, look at, think about, find back, put in, look at, write down, work in, transfer from, fill in, look at, look at, transfer from, operate in, think about, depend on, ask for, write down, look at, lead to, work with, add up, look at, look at, transfer to, conserve by, come in'"
AL137,"divide into, divide in, divide into, divide into, divide into, divide in, divide into, divide into, divide into, divide into, divide into, divide into'"
AL85,"drill down, look at, apologize for, get through, look at, interact with, compute for, lay out, dig down, put in, end up, work out'"
AL91,"focus on, explain in, think of, make of, make of, do with, come to, look at, look like, depend on, live in, apply to, remember for, apply to, talk about, talk about, worry about, do with, come to, come to, compose of, work with, refer to, sum up, come to, come to, live in, talk to, get from, translate for, go like, travel from, flow through, get to, stop for, go into, use for, unite by, work with, converge toward'"
AL309,"raise like, start by, look at, look at, look at, begin with, access by, leap into, like about, bring into, say after, begin with, talk about, come from, come from, get to, stand on, stand on, lean up, lean on, stand up, attach to, think about, build towards, use at, follow up, begin with, lean on'"
AL46,"look at, deal with, nominate for, die in, assassinate up, remain in, appeal to, figure out, come into, rally around, impeach by, come within, remove from, happen as, stay with, go with, stake out, think about, fill out, work as, bear in, grow up, work as, rise to, break off, listen to, do before, destroy by, hear of'"
AL52,"pass in, bear in, get to, bear in, use in, transform into, happen as, apply to, go beyond, go to, latch onto, see about, break off, change by, talk about, exalt over, do through, agree to, halt at, stay in, go with, set up, set off'"
AL78,"talk about, think about, think about, look at, oppose to, talk about, charge on, turn out, look for, work in, go through, drive by, depend on, look for'"
AL44,"talk about, benefit from, establish at, deal with, deal with, deal with, deal with, deal with, set up, set up, do by, scatter around, end in, set up, give out, thrust into, go into, reverse by, stand around, lead to'"
AL50,"write to, figure out, talk about, bring in, talk about, do with, look at, set up, believe in, do with, do about, rid of, get to, start up, oppose to, come up, get to, appeal to'"
AL87,"think about, do in, come in, explain to, talk about, look through, point out, speak to, do with, focus on, start with'"
AL93,"bring up, talk about, speak of, speak of, talk about, talk about, talk about, oppose to, talk about, talk about'"
AL109,"talk about, talk about, take for, talk about, fall into, go with, eat by, speak in, speak in, look like'"
AL121,"welcome back, realize by, reflect by, know as, look at, produce per, flow in, lead to, look at, go up, add in, change in, base on, see from, set up, look at, feed for, set up, go in, go out, multiply with, see from, go to, divide by, point out, expect with, go to, divide out, come to, belong to, grow at, happen to, obtain from, qrate in, obtain by, set up, obtain from, manipulate in, base on, set up'"
AL135,"aim at, aim for, add in, achieve by, coefficient in, add in, go for, do by, change by, double from, decrease from, favour over, show in, coefficient in, accord to, focusse on, achieve by, aim at, lead to, produce from, aim for, accord to, increase for, put by, go to, obtain from, aim at, work at, point out, relate to, lead to, use in, use under, break down, do in, focus on, flow with, carry on, lead to, point out'"
AL294,"go to, feel like, do on, come before, make up, stay in'"
AL280,"talk about, come by, come by, refer to, refer to, refer to, work with, shake out, apply to, get into'"
AL257,"figure out, pluck in, pay for, depend on, find out, answer by, represent by, think of, think of, start with, cut out, leave with, leave with, define as, raise to, need per, think of, leave with, base on, emerge in, think about, build on, work at, take as, think of'"
AL243,"enter into, base on, go into, go with, go over, control by, intercept by, share with, talk to, begin on, endeavor in, leave to, talk about, talk about, talk about, get into, enter into'"
AL242,"see in, turn in, get into, follow by, go on, turn out, start in, make about, look at, start in, continue for, go up, bogge down, bogge down, defeat in, commence in, go on, talk about, go from, travel by, guess for, go into, go into, lead to, commence in, arrive in, arrive in, arrive in, see in, go on'"
AL256,"look at, surround by, lead to, make out, refer in, refer to, look like, figure out, set up, talk about, last for, die out, use by, see within, bring with, come across, use as, erect in, hold on, bring to'"
AL281,"talk about, start off, abide by, stick out, make up, argue at, susse out, start with, choose between, take out, use for, come up, come over, shake out, refer to, refer to, shake out'"
AL295,"remember from, look like, put in, think about, make up, stick around, talk about, figure out, look at, make up, do with, find out'"
AL134,"lead to, need for, consist of, characterize by, apply at, lead to, follow from, lead to, qvalue at, find from, supply as, compare to, consist of, sparge as, set up, speak for, coefficient for, reflect on, carry out, go to, lead to, think about, compare to, indicate with, lead to, remove by, look at, cool before, produce per, show in, remove by, follow from, indicate in, calculate from, lead to, discuss in'"
AL120,"find in, calculate from, set up, look for, take for, dissolve into, take up, go from, consist of, dissolve in, convert by, measure as, calculate from, come from, show below, operate in, put to, see from, see from, set up, measure by, depend on, depend on, indicate in, find out, go out, stick out, work on, come out, calculate from, sum up, set up, violate for, lead to, result in'"
AL108,"talk about, shift in, bear with, do with, talk about, talk about, begin with, bounce along, go from, ring for, talk about, go on, go from, go from'"
AL92,"talk about, talk about, talk about, illustrate for, look like, change to, talk about, refer to, say on, refer to, refer to'"
AL86,"talk about, go from, decide with, talk about, start with, work in, work at, build up, work on, play in, look at, come from, come from, include in, look at, take in, look at, commit to, start off, look at, go from, think about'"
AL51,"talk about, happen after, rid of, go on, speculate about, talk about, impeach by, pass over, work out, think in, move to, give in, establish in, put forward, establish for, look toward, go along, shelter by, go on, go on, pass over, continue until'"
AL45,"look at, look at, come into, end up, happen in, limited to, look at'"
AL79,"think about, walk into, base off, start with, look for, look for, come in, work in, migrate from, join up, talk about, join up'"
AL60,"work around, issue through, shift over, rid of, come out, go through, approve by, ratify with, approve by, remove without, rid of, rid of, get to, impeach for, impeach of, come in, rid of, try before, sit in, talk to, come on, hear about, talk about, involve in, elect with, vote for, go on, end in, compare to, go on, apply in, disappoint with, work out'"
AL74,"mention about, spread throughout, trap into, come from, move up, fall down, fall into, beholden to, see in, compound by, see in, settle up, add up, get out, get out, wipe out, balance off'"
AL48,"break out, come into, see in, put into, work with, create in, look at, vote in, talk about, take over, vote to, go into, go to, get like, flock to, spring up'"
AL307,"talk about, back up, stand on, stand on, compose of, work as, lean against, lay up, get up, separate into, look at, begin with, separate into, love to, stand on, recognize as, use in'"
AL313,"talk about, talk about, live at, talk on, separate out, refer to, use in, use in, separate out, get to, talk about, talk about'"
AL105,"talk about, write out, think of, look at, look like, appear to, smell like, smell like, smell like'"
AL111,"talk about, distinguish between, get to, worry about'"
AL139,"do for, think about, look at, think about, look at, think about, think about, cousin out, read in, base on, calm down, look at, look at, look at, look like, look like, look like'"
AL298,"talk about, look at, look at, talk about, double down, double down, talk about, talk about, serve as, think of, think of, figure out, double down, talk about, use for'"
AL273,"talk to, talk about, talk about, talk about, talk about, talk about, speak in, refer to, say to, remain in, talk about, talk about, talk about, talk about, happen before, happen in, complete in, talk about, refer to'"
AL267,"know for, look for, migrate towards, come across, write in, travel in, find in, return to, think about, know as, find in, date before, decide on, find in, date before, return to, march down, start with, find in, date to, strike down, look for, write as, translate to, separate from, advance towards, know of'"
AL266,"begin with, detect over, lead to, roll in, think of, decide to, think of, turn out, roll in, proceed by, proceed to, assign to, send in, come up, play with, hit on'"
AL272,"speak about, happen in, happen in, stare at, talk at, have for'"
AL299,"talk about, talk about, relate to, rid of, splurge on, talk about, wear at, wear at, belong to, figure out, relate to, figure out'"
AL138,"think about, come up, think about, go through, go in, deal with, deal with, look like, look like, think about, come in, come in, deal with, deal with, look like, look like, look like, direct of, look like, seem like, know about, go in, mean by'"
AL110,"welcome to, fall into, end with, end with, find in, follow up, become past, stand on, stand on, listen to, show up, believe in'"
AL104,"talk about, talk about, bring along, mean in, throw out, happen in, depend on, get into, go on, stop at'"
AL312,talk about'
AL306,"talk about, talk about, write by, perform by, talk about, worry about, get to, go through, use over, get for, talk about, speak with, choose between, holler at, set up, set up, cover in'"
AL49,"set up, have on, float around, report on, go on, deal with, legislate about, think about, happen until, elect to, elect to, write to, lead to, listen to, come from, get to, say to, write by, jail for, die for'"
AL75,"take away, go out, go to, sit at, trek out, operate in, skim off, pay for, skim off, pay for, bother by, kick up, rid of, kick out, give out, pay for, fall in, say before, pay for, go in, open up, come to, set up, turn out, invest in, invest in, come in, pass away, skim off, go out, stick to, gather up, say in, situate in, assist by, write to, labor to, turn out, happen with'"
AL61,"look at, come into, come to, look at, misunderstand about, come down, cooperate with, sweep from, come to, figure out'"
AL77,"talk about, drive on, talk about, come from, look at, combine with, explain to, talk about, talk about, look at, look at, start with, come from, come from, come from, come from, map to'"
AL63,"come out, serve in, talk about, emerge out, respect in, rise to, respect for, look at, forget about, look at, come to, reproduce as, present as, hand out, talk about, matter to, do through, look at, look at, come up, talk about, open up, involve in, bear in, live in, come down, come down, open up, go into, talk about, drive from, burn down, own over, serve in, say about'"
AL310,"talk about, end to, go at, end in, end in, go to, go to, use for, use for, go at, throw out'"
AL304,"talk about, look at, be with, begin with, compose of, treat as, look at, modify by, behave as, look at, present like, affect by, act like, work in, attach to, enjoy of, behave like, say in, modify from'"
AL88,"start by, put up, listen to, go on, use throughout, depend on, talk to, exist in, talk to, sound like'"
AL112,"welcome to, start by, investigate with, release into, lead to, go to, base on, increase in, result in, publish by, argue about, share with, come from, see around, base on, go to, convert into, differ from, release into, regard from, make by, result in, look at, transport to, live in, contribute to, look at, use for, leave over, valorise into, compete with, accord to, derive from, range from, produce on'"
AL106,"talk about, conjugate in, behave in, look like, tack onto, tack onto, listen to, think between, focus on, work for, talk about, talk about, talk about, say in, go through'"
AL264,"switch between, rely on, borrow from, stem from, bear in, relate to, act at, come to, develop by, graduate into, mark off, denote with, correspond to, occur in, write of, devise by, perfect by, dispatch with, know as, separate by, separate into, light in, think of, limited to, attribute to, break down, jump from, see at, expose at, follow by, compose of, orient as, think of, think of, travel between, usher in'"
AL270,"figure out, occur during, result in, figure out, work at, mispunche in, root in, face with, build on, add to, lead to, start with, represent by, place inside, look at, add up, end up, place in, know as, correct for, cause by, store on, send per'"
AL258,"represent as, send with, result in, charge for, publish in, base on, repeat with, know as, cancel out, compare to, result in, mean with, decrease due, compress beyond'"
AL259,"begin in, communicate between, figure out, travel beyond, send out, tune in, come from, result in, look for, look for, produce by, come from, culminate in, conduct by, base on, speak through, know as, accord to, impose on, know as, appear in, distribute in, think of, emerge in, communicate with, bear out, lead to'"
AL271,"begin with, encounter in, contain at, get to, teach in, leave out, fall into, get to, behave like, get to, know from, put in, pick up, look at, pick up, figure out'"
AL265,"begin with, take for, accord to, store inside, know as, base on, think of, link to, think of, return to'"
AL107,"talk about, form like, look like, go from, turn out, apply to'"
AL113,"describe in, stand for, fit in, know about, improve over, define as, associate with, find in, appear on, produce by, apply as, happen in, grow on, grow on, allow for, serve as, apply in, come out, lead to, come from, use by'"
AL89,"talk about, figure out, look at, come to, come to, look like, go through, throw out, think about, throw on, work in, correspond to, focus on, sum up, come from'"
AL305,"talk about, throw out, live in, end in, vest in, take away, put up, attribute to, live in, function as, write about, read in, prevail in, find in, work in, come from, embark on, attest in, position before, attach to, relate to, go on, communicate with, add up, come over, come from'"
AL311,"fall under, cut through, refer to, use for, set off, remember about, go at, go in'"
AL62,"enact by, put into, base on, exist in, come to, get into, look at, deal with, deal with, see in, come to, write in, pick up, evict from, replace by, accomplish by, accord to, come after, accord to, overturn by, come out, look at, elect to, hold onto, donate to, govern by'"
AL76,"talk about, start with, bandy about, talk about, stand for, focus on, reference in, make up, tap out, go on, look like, go to, look for, put into, take off, focus on, own by, control by, run in, jump in, turn out, train for, look at'"
AL72,"debate in, forget about, set up, set up, come out, separate in, separate from, recognize as, teach by, relate to, come out, think of, think of, deal with, kill in, take by, gather up, stand behind, hang on, work in, rent from, go out, go to, get at, work as, boil down, belong to, belong to'"
AL66,"come out, elect to, vote for, vote for, vote for, elect to, quote to, vote on, go into, purge of, go to, go to, go to, purge of, make out, come from, leave to, come down, stay in, accord to, bear in, fail in, damage during, invest in, go on, go on, come down, get to, get to, get into, come from, come in'"
AL99,"talk about, oppose to, move from, refer to, throw on, talk about, figure out, sound like, listen to, sound like, operate under, get along'"
AL315,"go to, do in, look like, put in, separate out, see from, go for, go for, go for, go for'"
AL301,"take on, occur in, talk about, go through, refer to, happen after, come out, take out, talk about, talk about, emerge from, go on, last for, happen on, have until'"
AL117,"welcome to, find in, look at, sit in, occur in, come in, divide over, induce by, result in, deprive of, preserve in, select from, use in, select for, attach to, lead to, come from, isolate from, go to, take from'"
AL103,"welcome to, talk about, oppose to, talk about, talk about, put in'"
AL249,"base on, think about, cite by, cite in, enter into, commit by, execute on, go on, put on, talk about, talk about, talk about, fight for, talk about, make up, lobby on, get into, vote against, go to, vote against, give by, declare by, declare by, protest against, persist in, come up'"
AL261,"hide from, describe as, return to, tease out, focus on, base on, occur in, hide in, draw versus, go on, converge on, know as, conclude by, continue for, govern by, converge on, fall into, know as, look at, take up, go on, say in, explain in, dream about, start in, move to, depend on, base on, jump over, depend on, know as, publish by'"
AL275,"talk about, agree with, agree with, look up, look up, take off, talk about, make by, feel like, talk about, happen in'"
AL274,"seem like, depend on, go on, go on, form by'"
AL260,"highpitch versus, implement by, apply to, base on, send without, know as, use into, run into, lead to, limit by, zoom in, think of, select from, think of, think of, depend on, think of, consist of, jump to, apply to, look at, think about, emerge in'"
AL248,"go into, go on, happen in, take over, take over, focus on, mobilize in, happen on, read through, talk about, read into, happen in, lay out, demand in, live in, assure of, do to, do to, arrive at, take over, get into, talk about, lead to, base on, close in, consent to, reduce to, happen with, obtain for, negotiate with, distinguish from, win on, take over, enjoy in, get to, use for, get out, do to, touch on, take by, effect along, selfgovern in, enter into, open as, talk about, inhabit by, guarantee by, exist as, carve out, lead to, talk about, get into, cooperate at, form as, draft during, come from, ratify by, replace by, talk about, take into, look like, get into, go to, look out'"
AL102,"welcome to, talk about, refer to, focus on, walk to, go to, walk to, figure out, go from, end with, end with'"
AL116,"hang in, separate from, reach by, look at, look at, formulate in, lead by, make by, look for, related to, lead to, look at, depend on, refer to, earn back, add up, relate to, set up, separate from, associate with, spend over, result from, calculate by, work on'"
AL300,"talk about, set up, talk about, talk about, use in, worry about, think of, think of, talk about, talk about, stand at, talk about, come from, come from, hop off, oppose to, hop off, go out, talk about, talk about, go to'"
AL314,"relate to, happen at, separate off, talk about, write out, begin with, come in, take off, lead with, stand on, stand on, proceed to, take off, look at, look at, come before, connect by, join by, sub out, rid of, put in, think about, talk about, do in, look at'"
AL98,bring along'
AL67,"elect with, tie into, go to, come to, work with, possess of, slink through, go along, accord to, do with, come along, stand up, go along, talk about, come out, 3 like, push in, go on, finish up'"
AL73,"lead to, live in, live in, look at, look like, scatter over, break up, separate out, look in, lean in, go to, scatter around, run by, go to, entrap by'"
AL59,"meet in, go for, rid of, set up, set up, base on, use to, divide up, tell in, go to, exist in, take over, accord to, base on, rule by, come out, come out'"
AL65,"educate than, get down, talk about, emerge with, speak to, sit on, stand before, sit up, listen to, appoint in, spring up, attend in, sit in, emerge in, become by, set up, come down, go into, come across, sign by, rid of, dwelt in, go on, start with, hear of, live in, talk about, go to, refer to, go on, fight among, pick up, hold to, get to, get on'"
AL71,"suffer up, set up, set up, set up, go to, exist before, resign from, conjure up, name after, apply to, discriminate on, insist on, varied from, drive by, go on, happen in, care about, go into, sit in'"
AL302,"talk about, talk about, come up, talk about, do with, get to, say about, talk about, say to, mean by, figure out, write by, talk about, use for'"
AL316,"look for, consume by, begin with, begin with, launch into, talk about, start off, follow by, go to, talk about, separate between'"
AL128,"forget about, lead to, explain to, come from, come from, mean at, set up, multiply by, have of, multiply by, calculate from, go in, multiply by, multiply by, come out, come to, calculate from, come in, bring to'"
AL100,"talk about, happen in'"
AL114,"welcome to, return to, provide for, look at, compete with, leave over, consist of, provide for, divide into, use for, refer to, use for, differ in, capture in, influence by, associate with, reflect in, base on, produce per, extract per, differ between, gain from, base on, fossilbase to, have on, compete with, take into, associate with, take into, think along, allow for, grow on, utilize by, compose of, use on, make by, digest by, use in, consist of, metabolize by, focus on'"
AL289,"stand on, refer to, refer to, look at, come from, come from, throw on, throw on, throw on, work on'"
AL276,"talk about, begin with, come out, start off, talk about, talk about, take out, talk about, apply to, keep on, talk about, talk about, talk about, stand in, think about, stand in'"
AL262,"relate to, think about, start with, write in, start off, look like, accord to, take into, begin with, begin with, begin with, write down, move to, define by, move to, take into, know for, go on, see in, tie up'"
AL263,"communicate at, work on, pass through, point through, suffer from, result in, deploy across, form in, base on, hold up, lead by, focus on, speed up, base on, simplify after, lead to, control with, release by, think of, start with, lead to, base on, tabulate from, move down, intertwine with, relate to, look at, employ by, jump to, report by, transport by, rely on, rely on, drop to, think of, lead to'"
AL277,"talk about, write out, depend on, talk about, divide up, talk about, talk about, refer to, refer to, talk about, belong to, talk about, refer to, talk about, distinguish between, figure out, correspond to, talk about, talk about, talk about, check out'"
AL288,"use in, get in, talk about, talk about, know as, go to, switch out, go to, look like, check out, agree with, like for, talk about, think of, recall from, overtake by, Love by, happen to, decrease as, take over, take on, reserve for, use for, refer to, get to, happen in, like with, look to, rely on, get into, speak of, accord to, refer to, rage over, refer to, oppose to, happen to, expand into, come from'"
AL115,"run throughout, serve as, abbreviate to, make from, come to, produce by, use as, denote as, stand for, relate to, stand for, use as, make from, start from, help with, result in, look into, start with, deal with, carry out, come down, deal with, replace by, sum up, accord to, carry out, look at, require for, compare to, direct by, show in, look at'"
AL101,"welcome to, talk about, happen in, oppose to, singe in, happen in, know about'"
AL129,"focus on, look like, write down, write down, write in, involve in, start with, go into, come out, write down, add up, lead to, succeed in, show in, indicate by, do by, produce per, consume per, depend on, reduce to, discuss in'"
AL317,"talk about, figure out, go for, start into, divide between, separate between, abide by, comma with, act as, take off, get like, ramp up, end with'"
AL303,"talk about, add to, begin with, use between, zip between, go in, decide between, make up, choose between, frolic among, distinguish between, distinguish between, fly between, dance through, frolic through, distinguish between, use among, say for, look at, run around, go around, go around, talk around, campaign against, mean in, talk about, talk about, go on, go to, look at, get inside, go past, think about, list in'"
AL70,"talk about, get into, pay for, come to, set up, begin in, come down, set up, take over, expand by, come to, write about, come down, come to, treat to, talk to, get off, segregate in, come down, know about'"
AL64,"work out, come from, go from, study at, elect to, occupy by, leave in, serve as, serve out, provide for, study for, come to, elect to, name to, talk about, jump up, train in, come to, do for, have on, come to, practice before, go down, talk about, see as, wipe off, come to, speak in, talk about, hear of, set up, serve in, come in, go on, work in, serve in, come to'"
AL58,"go out, ratify by, go with, injure by, break out, lead to, lead to, shoot at, happen in, talk about, lead to, ally with, send in, put down, be for, break with, go into, banter with, go on, look like'"
AL17,"bear in, go to, set out, graduate with, graduate at, work on, come in, work on, smuggle in, seem like, do with, do with, recall from, work in, approve for, step into, change during, participate in, remain in, associate with, look around, move on, go to'"
AL199,"talk about, refer to, think of, talk about, begin with, look like, fix with, grow out, fuel by, go with, see on, sit through, bring up, serve with, get to, die in, set in, break out, think about, march in, mow down, accord to, go in, go down, fire into, make by, fight in, write about, come from, go over, go over, dominate by, accord to, publish by, put in, wait for, hope for, live under, accord to, shoot for, find on, make by, go to, occur in, replace by, lead to, happen in, end until, lead to, associate with, lead to, express by, sit in, blow up, emerge from, transition from, go to'"
AL166,"end up, add up, talk about, talk about, talk about, talk about, talk about, turn to, see as, sound like, wake up, live at, get to, lead to, associate with, associate with, associate with, get to, say about, talk about, know about, go to, know about, come from, think of, connect to, run under, use for, use as, look like, go on, talk about, have for, dress up, go with, happen to, happen to, morph into, come from, fade into, turn out, bring about, dry up, pick up, leave for, move to, motivate by, think about, think about, motivate by'"
AL172,"talk about, make of, design in, turn into, stitch in, screenprinte in, sell to, pause for, snivel in, put on, form by, live in, work in, go from, think of, sell to, mark up, produce in, spin from, come from, buy off, use for, originate in, focus on, wait for, humiliate in, migrate to, take off, equip by, travel to, go through, complain about, cause by, say of, grow along, state for, speak of, travel on, go into, dwindle in, know as, differ from, venerate to, transform from, focus on, hang around, live in, travel along, come from, know as, result in, die in, live in, live in, look at, foster by, talk about'"
AL2,"profit from, incorporate in, go out, base on, base on, think about, use by, develop by, bump into, buffet about, incorporate in, explode in, set up, turn out, make by, return to, fall by, fall by, figure out, reflect in, take up, check out'"
AL210,"think about, talk about, talk about, talk about, go from, look at, look at, base on, know for, go with'"
AL204,"talk about, talk about, talk about, go to, reflect in, have during, symbolize by, lead to, play in, make in, send to, task with, do with, argue with, bully into, rid of, wade into, remember from, sell in, build by, buy by, make in, import to, talk about, manufacture in, have in, crumble up, fall out, emerge from, accord to, live on, argue about, make in, jump on, talk about, bring on, live in, stay in, move around, give up, broadcast in, translate from, purchase at, arrive at, travel by, opt for, accompany by, look like, live within, begin in, distribute around, get to, look at, get from, lead to, fit on'"
AL238,"happen in, focus on, look at, control like, happen in, embroil in, go on, lead by, lead by, continue through, get to, go into, refer to, fight off, happen in, happen in, go through, ally with, take over, take over, take over, go into, go into, take over, take over, take over, take on, get into, take over, remember at, carve out, have in, get into'"
AL239,"close in, start in, go on, see from, start in, march through, surrender in, remember in, land on, slog through, liberate in, liberate until, liberate in, document in, depict in, involve in, deploy in, travel at, send in, get to, go into, march towards, march in, go through, take on, involve in, finish out, start in, look like, call in, face by, start in, ride on, approach from, approach from, approach from'"
AL205,"use to, do in, get to, lead on, lead to, live in, remove from, think of, lead to, live through, see in, pay for, limit by, go to, live amid, skyrocket in, initiate by, bring under, cut down, go on, go out, do in, go into, go to, result in, go on, allow for, move from, account for, live with, manufacture in, see as, go to, lead to, develop in, participate in, look at, rule by, flourish in, show up, travel through, celebrate for, depend on, learn about, look at, make before'"
AL211,"participate in, separate by, accord to, look at, accord to, accord to, base on, base on, base on, accord to, look at'"
AL3,"turn to, retire with, invest in, invest in, look for, seem like, add up, have about, retire with, give up, come to, sign up, fall on, fill with, dive into, profit from, check out'"
AL173,"learn about, raise by, stand for, focus on, accord to, determine with, choose from, divide into, choose from, serve as, do in, serve as, serve as, talk about, take over, come out, lay down, return to, name for, influence by, know from, bear around, do from, serve in, rise through, run for, get from, succeed in, work out, go to, die in, return to, prosecute for, return with, set out, track down, side with, scoddilypoope with, go on, bet on, attach to, stop off, extend for, bring about, degenerate into, choose from, choose from, rise to, open up, look at, march against, look at, dispense with, start out, comprise of, talk about, talk about, rise up, control by, incorporate into, rule by, march on'"
AL167,"talk about, talk about, point out, pop up, have in, engage in, suffer for, live in, give up, accord to, yoyo between, find in, show up, shift from, seesaw throughout, start out, take on, engage in, scoodlypoope with, overtake by, survive to, ride on, ride on, happen in, lead to, come in, settle into, wait for, know as, turn out, become like, pass on, die in, spread over, shift to, come before, keep with, take over, rely on, serve in, come by, come on, come along, begin around, grow from, base on, base on, lop off, do in, apologize for, happen to, base on, blow up, come to, talk about, talk about, talk about, talk about, talk about'"
AL198,"think about, begin with, check in, overtake by, continue through, carry on, respond to, see as, cut off, make like, respond to, carry out, send in, carry out, give up, give up, think about, think about, speak of, involve in, set up, succeed at, take over, devastate by, work in, mix into, wipe out, wield by, look like, result in, die up, come through, die from, acquiesce to, defeat by, colonize by, get in, wait for, go to, rule over, resort to, rely on, associate with, rule by, rule by, rule through, rule in, put up, work out, remind of, talk about, find out, get into, lead to, build with, send in, lead to, bring on, grow in, come from, come from'"
AL16,"see from, average about, dip below, show by, shut down, move about, look for, look at, count as, look for, look for, divide by, go to, look at, move on, go to'"
AL14,"act as, pay on, look for, look for, lend out, sit in, wait for, lend out, keep on, see in, pay back, sum up, flow into, turn to, move on, go to'"
AL28,"stay in, work past, work after, pay to, look at, pay on, drop out, focus on, turn to, move on, go to'"
AL171,"talk about, talk about, last in, know as, divide into, rule by, come from, end for, run out, overthrow after, happen to, go over, leave aside, overthrow by, disintegrate into, war over, end with, replace by, last for, rule over, conquer by, result in, fall to, last for, come to, rid of, believe in, expect of, come in, come to, replace by, last for, base on, get to, exaggerate for, focus on, think for, set up, come to, accord to, accord to, behave as, shut up, go to, live during, lead to, bring about, look to, boil down, care for, factor into, look to, contain in, translate as, depend on, interact with, translate as, refer to, associate with, behave like, engage in, engage in, rest on, point out, lead to, write by, mirror by, talk about'"
AL165,"go from, test on, scroll through, think about, persuade by, comprise of, go from, gather to, symbolize by, start with, live in, serve to, live in, go to, allow for, look at, run for, work than, rise in, take about, involve in, promise to, come to, associate with, talk about, help out, provide with, follow by, catch on, work for, have for, conspire against, rise up, know for, experiment with, originate as, know in, come out, come in, have to, lead to, come with, drill for, turn into, live in, remember as, journey to, travel to'"
AL159,"involve with, fit into, involve in, think about, do in, sit down, stare at, engage in, start over, collaborate across, think about, come from, start from, teach at, dress up, come along, benefit from, get at, exist within, reflect in, leave off, start by, search for, work for, work with, serve in, connect up, save about, look at, drop out, feel like, stay in, talk about, know from, base on, look at, come in, turn in, mention from, find at, think about, do with, play in, speak at, come from, come in, get up, engage in, collaborate among, requirement through, go from'"
AL1,"turn down, lie out, start with, choose by, make in, turn out, set out, land on, compare to, recommend by, turn out, invest in, manage by, invest in, outperform by, invest in, look at, remain in, start with, go up, go with, show up, fund by, own from, look like, check out'"
AL207,"hang in, red as, figure out, red as, figure out, red as, figure out, start with, fill in, add up, red as'"
AL213,"get from, think about, divide by, start off, divide by'"
AL212,"travel between, look at, travel between, travel between, figure out, talk about, change in, look at, look at, go with'"
AL206,"find out, estimate in, go on, spread out, go into, go to, go into, go into, boil down, cross out'"
AL158,"push on, talk about, attach to, push up, do in, fit into, know from, work for, occur to, change from, involve on, go out, feel like, pass through, pay for, think in, talk about, pay for, expect from, talk to, come with, send out, go through, connect with, look at, work with, use in'"
AL164,"look at, go over, sit down, seem like, consider to, hear about, be on, look at, call at, work with, reach out, figure out, design for, design for, design for, look at, log into, go on, look at, see past, lose on, win on, play with, stand up, know between, know on, think at, present to, reach out, explain to, Graph beneath, land on, engage with, implement in, describe in, go into, show up, create for, embed in, think about, face to, end up, end up, come from, think about, happen for, understand like, happen from, work from, turn out, engage in, engage in, turn out, look at, explain in'"
AL170,"talk about, tend to, lead to, know about, come from, migrate down, know about, know as, know as, cut to, read from, become of, make into, speak to, come from, stand on, talk to, combine for, suffer from, happen in, transfer to, reborn as, release from, begin as, stay in, listen to, accord to, go to, snuck out, seek out, come to, meditate for, meditate for, come to, want of, dump by, talk about, talk about, talk about, free from, end up, refer to, involve in, talk about, rule through, end up, bring up, hold on, put up, rule through, accord to, go like, see in, lead to, decline in, describe as, happen with, worship as'"
AL29,"welcome to, look at, reverse by, start in, look at, think about, mean by, live in'"
AL15,"purchase with, put down, pay down, compare to, drop before, pay off, pay off, keep on, receive from, bring into, fall in, sound like, base on, take on, think about, go from, rise as, fall in, turn out, end up, sell to, do with, turn out, fill with, insure by, run to, pull out, come from, lend to, make up, cover by, fall off, come in, own by, drop in, think of, flee to, see in, starve of, keep on, lead to, end up, crash down, lead to, depend on, lay off, cover on, move on, go to'"
AL39,"mean to, come out, come from, come out, come out, come out, live in, throw off, throw off, have among, look at, do like, manifest in, manifest in, talk about, separate out, know about, talk about, set up, relate to, go on, disrupt by, show before, fill with, sell away, go to, end in, dissolve throughout, turn up, go into, absorb into'"
AL11,"return to, lay out, keep in, start with, go from, work with, bear with, produce by, take for, organize in, consolidate into, divorce from, starve to, take off, work for, check out, stand up, think about, collect on, invest in, worry about, answer with, take for, write at, go to, stop at, look at, interact in, put into, move on, go to'"
AL148,"do in, respond to, go into, break down, think about, go to, care about, think about, involve in, live off, compose of, construct in, make up, construct in, coalesce in, come from, get around, go into, expose to, come from, come from, come from, hear about, talk about, build up, build out, talk about, go to, assist by, build up, build up, break down, talk about, make up, talk about, talk about, make up, make up, break down, interact with, guess on, break off, look like, break up, make up, break down, look around, look at, look at, come from'"
AL174,"talk about, bear in, start with, grow up, think of, eke out, center around, record in, appear to, say unto, walk before, live in, chat with, involve in, stick with, accord to, stick by, lead to, speak for, absorb into, know for, know as, show up, wait for, bring in, return to, get through, get to, threaten to, execute in, turn to, fight over, fight over, matter to, come to, reject by, acquaint with, write down, get in, write of, write about, set forth, open up, stick with, kill by, relate to, keep to, convert to, remember about, hide from, talk about, talk about, flourish in, allow for, persecute by, fed to, convert to, take off'"
AL160,"accomplish with, end up, base on, enable in, talk about, play into, do on, know behind, talk about, end up, end up, focus on, learn in, create by, learn by, engage in, distribute in, focus on, exist in, come from, meet with, meet with, connect to, engage in, come with, go with, talk about, declare by, do with, talk as, do for, do for, move from, center around, come into, go to, interact with, duplicate with, grow to, fail among, learn in, walk into, go on, know by, have in, create in, launch through, work with, work in, learn for, come out, attach to, know with, refer to, happen in, do in'"
AL4,"see in, constrain by, go on, expect from, see over, learn about, outperform in, respond to, focus on, believe in, invest in, check out'"
AL202,"talk about, last into, hide under, remember in, defect from, go on, spit in, spit in, talk to, play out, take over, lead to, discuss on, say in, descend across, give between, start during, open up, motivate in, control by, note asshat, produce in, capture during, die in, go to, divide into, divide into, divide into, cut off, lead into, stand up, spend on, heat up, agree on, stand for, remake into, threaten by, end up, hold onto, lead to, send in, branch out, divide into, face by, seem like, come out, prop up, suck at, live in, lead to, prop up, invest in, keep up, open up, lead to, lead to, come down, reunite in, turn into, allow to, lead to, split up, hold onto, put before, take until, dominate by, hold in, feel like, go on, live in'"
AL216,"set up, think about, go from, divide by, multiply by, go from, look at, make with, rule out, base on, get to'"
AL217,"look at, talk about, look like, rule out, rule out, look at, look at, look at, depend on, leave with, fit on, leave with'"
AL203,"talk about, form in, prove about, last as, lead to, look at, cut to, sing like, see from, get off, happen after, learn from, come to, take over, say to, fight along, hand in, return to, weaken by, look like, think about, think about, go from, occur in, choose between, turn to, go to, bear to, know for, rule by, partition into, move to, move to, die in, assassinate by, turn out, strike in, use around, wrong by, sit on, account for, hold on, go on, end until, take over, like in, rule by, change in, overthrow by, turn to, redefine as, combine into, focus on, thrive in, see as, rise up, hold from, go on, go from, grow in, fall by, exist on, lurk around'"
AL5,"know about, talk about, go up, see in, go up, know from, write off, push up, build into, think of, live in, have in, go up, go up, move to, go to, have in, go to, militate in, keep in, gain from, keep in, hit by, go up, apply to, think about, think about, think of, think about, pay off, get into, feel like, save up, give to, come to, check out, find out'"
AL161,"think about, relate to, perplex at, know in, get with, need for, happen in, think for, know into, come across, grapple with, integrate into, teach at, talk about, go on, grapple with, learn from, teach with, require on, go on, switch from, do on, occur to, pull up, do with, expand out, wake up, depend on, get up, look at, use in, seem to, come up, progress down, engage with, base on, review in, comprise of, look like, pick up, come out, catalogue in, look for, find in, teach over, search for, drown in, look for, search by, adopt of, bring into, plug through, move in, add to, do with, think of, reuse in, think from, look at, grant by, have over, fit into'"
AL175,"talk about, get to, fall until, conquer by, send into, know for, sack by, go with, go like, put forth, rule with, wrap up, lead to, begin with, buy into, care about, remember from, stick with, fight with, team with, happen with, wear by, blow up, bring to, know as, live in, descend into, lead to, center in, center in, go from, go to, rule by, forget about, turn out, cheer on, break out, rule by, go to, go along, rule for, build for, look like, go on, sound like, drive out, come from, matter for, serve as, answer to, appoint by, survive for, survive in, survive in, survive in'"
AL149,"refer to, do in, seem like, look at, break down, connect to, break off, turn into, bond to, depict with, go into, go from, think about, jump out, fall through, fall down, fall down, sit on, go to, break down, think about, go on, come out, go into, think about, start with, end up, pop off, turn into, know as, pluck off, pluck off, pop off, bond to, go into, use in, go from, get to'"
AL10,"come to, talk about, look at, live by, see from, start after, end up, impose on, end up, come down, reallocate to, base on, listen to, respond to, allocate by, go into, brand as, live in, sink in, cluster in, move on, go to'"
AL38,"point out, move from, move from, move to, move into, abolish in, abolish in, abolish in, move from, work on, work as, move up, fall into, begin with, depend to, base on, come along, entitle to, go on, visit from, look at, talk about, write in'"
AL12,"go on, grow at, grow around, draw on, name for, catch up, catch up, grow on, represent by, represent by, add up, think of, start in, contribute to, dig in, move on, go to'"
AL188,"talk about, know about, spread around, whine about, go to, form out, show up, punctuate by, end with, rule over, service by, submit to, engage in, die in, found in, rule between, show up, build atop, arrive in, benefit in, found in, found in, step into, leave by, come over, make of, work in, do in, work at, find at, work in, go to, account for, side with, chalk up, credit to, lead to, play about, contribute to, sink in, pay for, default on, mine in, go to, go to, make out, run out, go to, pay in, lead to, put out, surrender in, think about, use for, lead to'"
AL163,"welcome back, talk about, say in, lead up, interact with, throw off, engage in, think about, talk about, grow through, look at, apply in, look at, go on, take from, happen in, look at, interact with, do with, deal with, deal with, look at, involve in, log on, move to, talk about, deal with, rely on, log on, look at, say as, engage in, mature into, move into, get at, got to, represent in, get at, happen with, move behind, pick up, behave in, look at, base on, base on, align with, have through, talk about, create in, create in, define by, seem like, think in, acquiesce at, compete with, move into, look at, look at, provide to, win at, escalate to, get to, talk about, base on, study at, study on, use but?just, turn out, miss on, publish in, do with, align to, align to, align to, leave with, figure out, do with, look at, look at, look at, follow down, do in, stand up, align to, make in'"
AL177,"talk about, run through, go with, come between, forget about, depend on, die from, die from, come in, go to, live in, base on, dress up, happen in, flow into, dominate by, fit on, expand out, do in, hold on, hail from, take over, wait for, take on, descend into, press into, try over, point out, set up, usher in, center in, write in, do with, turn toward, stay in, exemplify by, build by, build in, live in, live in, end up, write in, rule over, fight at, hear of, end up, dominate to, dominate to, encourage by, last from, talk about, use in, ship throughout, go on, run out, lead to, write down, know as'"
AL7,"think about, think about, think about, start with, think about, base in, work in, work with, work with, work with, keep up, think about, interact with, work with, compete with, go into, do with, see at, think about, work with, work at, sell to, compete with, do with, want at, start off, come from, start off, happen in, start in, lay off, know from, lead to, rule by, think about, move toward, train in, check out'"
AL229,"look at, pass in, show up, show up, pass as, show up, rid of, pass in, interpret as, attach to'"
AL215,"apply to, pay for, apply to, divide by, divide by, rule out, go into, go into, go into, think about, go into, regroup from, go into, take off, take off'"
AL201,"talk about, build to, put on, start on, end on, cause by, examine in, fight until, exemplify by, come to, infuse with, characterize by, roll over, knock out, look at, produce in, know as, start in, last through, go to, sign in, end until, lead to, live in, fame for, involve in, shut up, think of, wait for, focus on, know as, begin by, respond by, cut off, starve to, liberate in, do on, fight for, fight with, point out, advance from, execute in, deploy in, talk about, call for, starve to, live on, work to, kill by, distinguish from, involve in, suffer from, keep up, fight for, hold up, tie with, descend into'"
AL200,"cut out, feel like, recall from, result in, cause for, work for, happen in, fire off, fire off, agree on, live in, convert to, lead to, explode at, quell like, create with, defer to, turn out, rule as, die in, control by, seem like, make in, die in, try to, turn out, get into, point out, wipe out, know as, invade by, fail against, help by, put on, win over, come in, send down, face with, move from, result in, suspect of, sympathize with, accuse of, aim at, go to, set out, talk about, know as, begin in, grow to, keep up, come up, psyche up, turn out, pay for, run out, end up, jump at, tear down, send to, happen in, mean at, live in'"
AL214,"show in, work out, have to, think about, think about, get to'"
AL228,"base on, find by, look inside, look for, loop through, run into, look up, use in, pass in'"
AL6,"learn about, dive into, save in, grow at, take for, double in, divide by, invest for, start with, end up, save in, double to, lead to, mean by, keep in, save at, contribute to, think about, invest at, turn into, invest at, turn into, check out'"
AL176,"think about, look at, think about'"
AL162,"get into, involve in, do around, go through, think about, feel about, compare to, take off, pay for, result in, download off, cut into, lie out, work in, talk about, publish in, turn to, think of, look at, look at, look at, look at, focus on, transit?kind of, create in, behave in, work on, look at, involve in, get from, get into, difference in, base on, swap out, engage in, go into, contribute to, talk about, do with, go on, experience through'"
AL189,"talk about, cross over, rest under, focus on, say about, win back, last for, happen by, begin in, end in, take from, fight between, depend on, support by, fight in, expand into, hold by, expand into, allow for, come for, send over, do by, capture in, kill in, indicate by, side with, prevent from, use for, live in, subsist on, depend on, generalize about, meet up, stay with, say about, come to, get along, settle in, rule by, lie with, vie for, happen in, send by, escape to, know as, gin up, undertake by, orchestrate by, come on, exclude from, work for, figure out, sign in, die in, live in, pay for, think about, happen in'"
AL13,"grow by, pop into, go to, look at, fall from, grow in, hear of, invent by, get for, flee to, know about, happen to, profit from, produce for, fund by, look at, play in, move on, go to'"